{
  "accuracy": 0.7452980837473385,
  "precision": 0.9409277453053103,
  "recall": 0.5895737551624718,
  "f1": 0.7249209542972119,
  "false_positive_rate": 0.0489136031304706,
  "false_negative_rate": 0.41042624483752826,
  "tn": 9236.0,
  "fp": 475.0,
  "fn": 5267.0,
  "tp": 7566.0,
  "num_windows": 57.0,
  "memory_total": 4096.0,
  "memory_class_0": 2048.0,
  "memory_class_1": 2048.0
}