{
  "accuracy": 0.7526614620298083,
  "precision": 0.9187536064627813,
  "recall": 0.6203537754227383,
  "f1": 0.74062703507303,
  "false_positive_rate": 0.07249510863968696,
  "false_negative_rate": 0.37964622457726177,
  "tn": 9007.0,
  "fp": 704.0,
  "fn": 4872.0,
  "tp": 7961.0,
  "num_windows": 57.0,
  "memory_total": 4096.0,
  "memory_class_0": 2048.0,
  "memory_class_1": 2048.0
}